,0
0,zar
1,uria
2,ia
3,adora
4,is
5,oma
6,iano
7,bilidad
8,o
9,s
10,to
11,ida
12,rón
13,cilla
14,cracia
15,cillo
16,ata
17,cida
18,ano
19,torio
20,eno
21,icio
22,zuela
23,una
24,eta
25,zón
26,ear
27,eado
28,emia
29,alla
30,encia
31,ecer
32,oso
33,ete
34,geno
35,icia
36,ez
37,metro
38,mano
39,uga
40,uar
41,cita
42,al
43,zuelo
44,eto
45,uno
46,a
47,ista
48,ejo
49,uro
50,iego
51,ente
52,er
53,ar
54,eza
55,eo
56,grafo
57,elo
58,men
59,amen
60,uso
61,udo
62,mento
63,ífero
64,ancia
65,amiento
66,anda
67,ador
68,tón
69,uelo
70,iente
71,orio
72,1
73,eda
74,aría
75,tura
76,cico
77,abilidad
78,dora
79,esco
80,eja
81,ado
82,zación
83,iche
84,iar
85,ita
86,ble
87,iza
88,ón
89,orro
90,grafía
91,mente
92,ficar
93,itivo
94,ela
95,dromo
96,aje
97,se
98,uco
99,itud
100,ido
101,ismo
102,ona
103,cito
104,óptero
105,ora
106,miento
107,esa
108,e
109,aro
110,idad
111,ir
112,es
113,igo
114,burgo
115,ino
116,isa
117,era
118,gón
119,ato
120,aco
121,isto
122,erio
123,aza
124,fobia
125,ería
126,edo
127,tico
128,án
129,ales
130,iento
131,ura
132,izar
133,tomía
134,filo
135,osa
136,ilo
137,tivo
138,ivo
139,il
140,ango
141,manía
142,dad
143,ito
144,rio
145,or
146,aca
147,tar
148,uela
149,isco
150,che
151,cino
152,dor
153,pata
154,ría
155,ín
156,io
157,el
158,menta
159,dera
160,titud
161,enco
162,ena
163,í
164,leta
165,allo
166,illa
167,cero
168,able
169,ica
170,ífico
171,patía
172,cia
173,ible
174,arro
175,az
176,ina
177,orra
178,tero
179,fero
180,ide
181,ol
182,metría
183,lito
184,forme
185,ardo
186,eño
187,ola
188,aria
189,é
190,ante
191,logía
192,ción
193,edad
194,izo
195,ento
196,ario
197,illo
198,embre
199,ote
200,ero
201,asa
202,ísimo
203,ío
204,teca
205,eco
206,teo
207,ico
208,ésimo
209,cial
210,yente
211,usco
212,dumbre
213,sis
214,ño
215,ma
216,és
217,sión
218,idor
219,ique
220,ización
221,le
222,do
223,uca
224,ingo
225,ing
226,uza
227,iedad
228,cete
229,grama
230,ota
231,ada
232,triz
233,ense
234,anza
235,ático
236,ial
237,ión
238,dero
239,cismo
240,aga
241,ía
242,ación
243,landia
244,tera
245,dura
246,ístico
247,jón
248,tor
249,tad
